user_id,monthly_fee,churned
bdd640fb-0667-4ad1-9c80-317fa3b1799d,10.95,0
1a3d1fa7-bc89-40a9-a3b8-c1e9392456de,10.95,0
a28defe3-9bf0-4273-9247-6f57a5e5a5ab,20.95,0
3602f8ac-10f1-4c81-848a-aa9e66b2bc5b,20.95,1
81f631d4-a392-41a7-9777-a4774c66e0a8,10.95,1
52fbe43b-9954-4eb4-8025-7ad1eb2263dd,10.95,1
e64d1bcb-7027-43a1-9f98-7c71a65e688e,20.95,1
96a402f2-3ae8-4c93-8dcd-cd03969b6662,10.95,0
c0e9ab30-ed26-42e9-97e0-11b7f8102383,10.95,1
8dfa6a56-d12d-4c9a-aaf9-15310200b1f0,10.95,1
e0ccedc5-f05d-476e-9a84-a51aa9d3d7c7,10.95,0
35ebd32d-9ad6-40ab-8821-2ddb45b89cd9,10.95,0
e87d1c78-e7c4-41c7-8049-7b717d106c60,10.95,1
c7b5b2bc-5a8a-4eca-9a50-aec3aabc25fa,20.95,1
cf8d446a-bc2c-4b0d-9d33-4cc7ab7f089a,20.95,0
e08596db-1d87-4966-8710-d430f071d879,20.95,0
006ed6e3-6fa1-4735-b572-f3d00b5cea6a,20.95,1
b82c9074-afd5-4ea5-89d7-fd6cce777f00,20.95,0
8c459ce2-67f4-4ad5-8d0b-0d1a91b0e1d9,20.95,0
7118e364-7709-4749-927e-ecfaa79ac9aa,10.95,1
3eae0032-0bd4-4990-8640-be0f25b8fd4b,10.95,0
76f2dbfe-cd29-436f-a222-82e174daaebf,20.95,1
13d5f2f7-709b-4d97-864c-04af3d3f3799,20.95,0
51d87c64-55fa-4ab8-858f-1f193c07c574,10.95,0
e7a37e81-63b4-408b-ab8e-869fd5385b0e,10.95,1
5a0cdd7c-f157-4470-8182-67c47a1b5806,20.95,1
ccc42903-8bcf-43a1-bc10-fa52bf5d2fdf,10.95,0
6db99102-a48b-4dbe-957d-94a106f028ff,20.95,0
53ac2ab9-7467-4cd9-b62f-5e5c53cd6268,10.95,1
20500494-3d11-4802-a702-878b9f0fda8d,10.95,0
2af43ab7-5e6f-4a07-8453-6f1d41992fdf,10.95,1
cbd58bf6-1efd-46e9-8e37-14af99b49350,10.95,0
70c2903f-7a8d-43aa-b82a-65e048ca7651,20.95,0
7de31a51-6694-4343-90ba-58e3d2762bdc,10.95,1
a911d192-43bf-4931-b605-bf54a021c0ca,10.95,0
ffe3fa49-054f-42ff-b366-bad4964db03f,10.95,0
5553b2fe-6889-403e-9913-f9d3785299f4,10.95,1
6778043b-c5c5-437a-b85e-06a11dad09b2,20.95,1
218a1536-8c99-4894-845d-cc38341c6494,20.95,0
d7665cda-fe04-4059-b985-fb6217dc8eff,20.95,1
def57689-68f4-4bce-a4e7-5e8eb8f21423,20.95,0
65c17795-b155-46bc-9f8d-ed9756abf2f1,20.95,0
c268283e-e32f-4e63-b7fd-dd71a075e927,20.95,0
3a3c8a71-ff57-4e2b-8991-ab9bebc2026f,10.95,0
6e417d47-5ff5-45ea-9bc4-40f14b1a269b,20.95,1
3810ae66-5a31-44cc-8d4b-69a99b689c88,10.95,0
7b5a611a-f1b6-4afe-931e-df1ae9ff1cae,20.95,1
6502d6a2-ca6a-4224-971e-16cc5da36f1b,20.95,1
d289f0ab-618a-4305-95a5-bafa431d029f,10.95,0
a6348e78-4d5c-45c7-b379-cb1ee8cda0cc,20.95,1
19597b5a-a7a8-4636-aa35-df59e2aa7a5d,10.95,0
3e5a87e3-5560-4b22-896b-5edb0cf2b69b,20.95,0
dea45c19-d024-4d72-b748-967f961d33ba,20.95,0
fcce96f6-250a-4578-bbe9-4499dbc080fd,10.95,0
c9d6a63b-ca3c-4f5f-9bb5-c40c03cde2e3,10.95,1
1d181ee9-86ad-4a8c-abc4-123ebde13c1b,20.95,1
80fb9296-73b6-409b-9bea-f6ac97fa7f04,20.95,0
a4b1f991-7542-4646-8d37-a539857dd3b3,20.95,1
6e218b09-9afd-4015-816b-cb9f7426b193,10.95,1
6e191042-370b-4063-9d90-e79eb888f6ed,10.95,1
50032b35-1857-4baf-bac7-e2b96a7e4c36,20.95,0
7b70c3b8-a81f-4ec3-a79c-658a36760ce5,20.95,0
a847bce7-90fa-4b57-a4ac-2130deaf528d,20.95,1
604e46cb-3712-42d1-87cd-b6a1bf012e32,20.95,0
adb14670-ad9f-400d-8882-d73c1c6345ab,20.95,1
6de59332-9364-43d0-9024-bdc6dcb33df3,20.95,1
09a0a0f6-73b0-4091-b634-c1694f76e388,10.95,1
79c2d2e4-9ae1-4991-924f-93ff30307633,10.95,0
812a1f9b-1596-4802-b6dd-6257fb7d9f1c,10.95,1
28a39779-9c1c-4517-85d2-d0a686295b5d,20.95,1
55ab946d-a5b5-4dc2-a181-c85eca0ac6ac,20.95,0
a4bbf962-606e-4e1c-8f15-84494f40c22f,20.95,0
86c1b6cb-e996-40f7-af77-520eff4625af,10.95,1
277d1be9-6070-46a1-98e5-2499218c6e1c,10.95,1
195d82f8-ee4a-4b5d-9195-54e307374c86,20.95,1
2ff3cde4-6aa4-4c9f-9217-04753d959e3f,10.95,0
785ac5d0-df92-4621-a3f4-c69d0534a101,20.95,0
114b9547-c9dc-42b8-9b6a-810204287378,10.95,0
8bc78e81-5a30-4528-8b59-95622227219f,20.95,1
cfbe4fe9-2ea9-4542-a1b9-70d07a8104de,10.95,0
147f6570-1a43-4b54-923a-e9934b3446bc,10.95,0
9d66e815-5a41-43b3-a95f-176cdebac186,20.95,0
233ffc82-92ec-49af-93ae-c376c359810a,10.95,1
7dbf4bc1-ffa6-43d0-aa9e-5c8db1a8b71f,20.95,0
cf7dcb43-1679-442f-bf4c-96d671f2ce8f,20.95,1
238d6f44-cac4-40eb-b373-730efc31a597,10.95,0
d4d60735-0e2f-4958-9e43-1e06e9247069,20.95,1
9fddde2e-a8a2-47ad-abd3-cdcd27794685,10.95,1
a4364fcd-f2d3-4761-8ba3-627914cb0564,20.95,0
28caaa1d-c35b-4c2c-b098-f7b2500e15c0,10.95,1
64ab851b-f1fa-46e7-970d-750705eee1d4,10.95,0
5cce5ba9-31d4-4e09-8fd3-3afc91fdfa4f,20.95,0
9f8cc29f-fd35-4c5f-9347-9a3b479bc637,10.95,1
8ece1128-56ce-4b42-bc9e-1dcbcb7e6268,20.95,1
53f591dc-23c8-4fdb-83f8-2f16e4a4474c,10.95,0
827c9f8c-d40a-45e9-81df-6517561c9210,10.95,1
9416e4dc-c6b2-4def-b8d8-b7f1c86c6544,20.95,1
b4adaf89-0ff1-4a9f-ba37-0623bc5fd4dd,10.95,1
713f8f8c-ec8b-4537-98ab-4778143b45e3,10.95,0
4588fc1b-b238-4849-8fe0-69b6eedaa802,10.95,1
3d4196fe-963a-4617-bdab-07e79d9d028e,20.95,1
19bd4f93-78ef-4666-b7a4-c719548e1f6b,10.95,0
c1836315-330f-4be1-a689-b4247a3a10e1,20.95,1
317304b5-c1dd-484a-aca5-8d95915a1c30,20.95,0
186b2880-ab54-4a15-a69d-01ff1634725b,20.95,0
3c7e5368-b159-4847-9c0b-9b10a757cb10,20.95,1
21c71aa3-7414-43b5-8e3e-25f2cf0671c7,10.95,1
8f0d5540-0ec7-4662-905c-7bdd74f0beae,10.95,0
12b2102d-940c-4503-b7c8-6152beed0af9,10.95,1
f10bce9c-582b-41ee-b8e8-035b0c00988a,10.95,1
4cc57e0d-2633-4018-a883-ac6e6a944054,20.95,1
1e086f20-bdd1-41b0-b64a-b6ec30a5648e,20.95,0
ea45ba41-6589-4da1-b45a-f934b42a2d93,10.95,0
42c21797-0426-4cc9-a55b-30e2bdc2b74b,10.95,0
5a2837b2-cb83-43f2-bb96-f6022b115c36,20.95,0
49646b96-fa3c-4628-8926-21df465568b7,20.95,0
71da35b9-4eea-4db8-b165-d77901547950,10.95,0
8de1596c-5a9a-406a-96f1-42a206b919aa,20.95,1
b98f5dbe-15ae-4e0f-8777-a07f6346d4ef,10.95,1
13b11e59-c85c-4714-bbf6-95524cbc9044,10.95,0
22af711f-1b62-4a9d-b536-6b9f320f72c0,10.95,0
70b27304-545c-488d-9cb9-075ecdd7f460,20.95,1
2d79a2d1-506e-40c7-baa0-61e9336b00cb,10.95,0
d105c8d6-47c1-4017-a045-2909536d47d7,10.95,0
ae84b81c-2e0f-45b3-8bae-591eff4cc10f,20.95,0
4a94ae9f-cc35-4e4f-b03e-957f35ab8466,10.95,1
a2224f96-23a1-4e20-bfd2-55eeac484366,10.95,0
9cd8758b-a5a1-4825-aa95-28c35ae1dbad,20.95,1
54bbbcf8-28fe-4761-8d49-fe3f2ca8f783,20.95,1
0123a348-638a-4df6-adf7-2cd3979aa051,10.95,1
d873dad9-5a1b-4f0e-9911-96dc1d3e503a,20.95,0
15b24e1d-9715-4633-9d4e-db71eb2ec80e,20.95,1
8fc3d7d3-f6bd-40c7-a24a-2a50d0b1fde0,10.95,1
7d1b695e-71a0-449d-9703-262fb5cbe3f5,10.95,0
9c3a1e0b-b5f3-48aa-9c6d-afff59c2f153,20.95,1
59cf0b0d-91f0-447d-8f32-1333ce315937,10.95,0
21f8072d-ddb7-470e-b390-b059207bbe21,10.95,1
56771f36-4899-4e5f-940e-53ce52a74a41,20.95,1
ae13591e-84fa-4c72-b9e7-a4f197fb613a,20.95,0
231ae7c7-4c9b-4f5c-a188-7eaf5e1885c3,10.95,1
3f6eed9d-23cb-4943-8a84-000350834fef,20.95,0
f0f7ad22-c76a-4e0f-88f0-91f09b8b38ae,10.95,0
873dc8bd-122d-47be-980b-c81ea3595d1f,10.95,0
b538f96c-033e-42f7-9e93-d1272cf72140,10.95,0
4350ab06-1059-4a28-861b-4f5b45a08539,10.95,1
e6e59b32-ac5f-42ef-8085-c1471e910f36,10.95,0
ddb449dc-7710-4966-a082-7f7611a529b4,20.95,1
a2cd1590-58af-493c-8aa2-b4c93ba5bd76,10.95,1
50a46c85-d9d5-4b02-82d0-4d554aab47b2,10.95,0
3bcdf203-459e-4674-b3e7-f042516c3b0a,10.95,1
7316ce64-2a14-4a96-9b0c-62eb27c8fc6c,10.95,0
7603c36c-f139-4e3c-8aee-25571f5df912,20.95,1
9d3616a1-08de-4921-a60c-b547e2280fe3,10.95,1
7c13f47a-c80c-4195-8b65-84ce7acc9970,20.95,1
9770a3db-e9fa-47e2-9bd9-3609b297a782,20.95,0
3b8d3447-0e61-465f-971b-1b8009b7fdf7,10.95,0
51397c06-a630-4d9d-bcb9-23f5f5edf382,10.95,1
4b657bcc-b041-4f19-bbe7-18354e8bf78a,20.95,1
f7164b73-c555-43ed-be89-56c8d9cb3540,10.95,0
1aa6f7cb-90c7-46ac-a3bf-e403388c9751,10.95,1
f11c0ac5-8c0b-493a-9333-5bc9bb635ff5,10.95,1
68c690b2-30a2-4ee8-b972-2cc1349ef4a9,20.95,0
7daec949-d700-4461-8cb6-b0ba925f8199,20.95,1
331de35c-7af6-4d41-99a7-b99ba005f5e1,10.95,1
e71c681a-6511-461a-9436-65f54c819260,20.95,1
850a48d4-46b5-48de-9b4b-b8eb537d0bd1,10.95,0
6a18e5af-1cce-48e9-ab6a-8061c81c8d31,10.95,0
6552ac53-09ed-46f5-a6d7-1d97b193c8b8,20.95,0
29b44cb1-0cb5-4e5c-a2f5-f7c20706fec2,20.95,0
db6ba39b-36dd-4529-b704-d72fc7a2f280,20.95,0
7b53359e-1bac-4d0d-af35-b30b4c68eb17,20.95,1
a6c681b0-e472-4be5-b3c2-944ab60a3dcc,10.95,1
6793cb09-6b27-4eff-a82b-5b364269c28c,10.95,1
2b843ef3-d86d-455d-8cd9-916481df62f4,20.95,1
392c04da-5af3-4a5a-b8e5-9b2716dc5a6e,10.95,0
d9e92758-76b9-4436-8b46-ef3395e7f614,10.95,1
80daa8ca-6230-4d27-9a4b-160621019bff,20.95,0
61584f88-71be-44c3-aab1-cdb61da466fe,10.95,1
4d15f7d8-0261-487a-a15c-159aaf8ca888,10.95,1
d4a5a81e-6b38-4a0a-a31d-260bb362cd55,10.95,1
e90d21cb-7f11-4a36-8c52-d2710a167e18,20.95,0
e4ffc31a-5b86-4a69-9423-1dbe2ba6b158,10.95,1
bbaa574f-e0e3-45ce-84af-ecb79f2ebefc,10.95,1
b09d721b-62be-4009-95f0-fb6a4596da75,10.95,1
702b7014-adab-4c2f-91a6-46dacd613988,10.95,0
42f90f92-1036-4a81-8bc4-d7ba70d0ebcb,10.95,0
39571344-90a4-4421-b949-3906939f44eb,20.95,1
ef32f72a-a4b5-4723-82fb-28690df80b89,10.95,1
39034b65-81c6-4eeb-8ce3-c8c847354e4f,10.95,1
1a46d536-048c-4480-a743-7402bec7fb11,10.95,1
9e7b1e95-f692-441a-9aad-10cecab24f24,20.95,0
c47566bf-8f66-4bbd-94fc-286f74577d47,20.95,1
c262cad0-18f1-41e4-9d30-a29073d92ace,10.95,1
eca391d4-7ba1-4dd7-95ca-788dd6bca712,20.95,0
5a2c41bc-c2c2-46ff-9d8b-32d9b5d9ad36,20.95,0
253421bc-6180-478a-8678-3c341b41a61e,20.95,0
aec2bb19-fbc3-48d8-ad6b-c88272e588e9,10.95,1
43a534d2-8e7d-4f5a-8773-e66a6db2b020,10.95,0
f3476736-37ec-47a6-8b27-b0795c5d3f1b,10.95,1
5893ef12-ab3f-4d22-9d5e-6aee0240f59a,10.95,1
83a9c235-5ffd-4015-853f-1db3d275bd43,20.95,0
a55bc44f-e7d7-4d1d-a9a3-b9913634646c,20.95,1
abc53545-2e6d-4a04-9d57-e73431bf5cf6,20.95,0
199c8d94-3c0a-484e-a7cd-13cbabda06b2,10.95,1
013ca998-2b2b-458c-ada5-8dadf56aabc0,20.95,1
adf8f767-2261-4def-9c07-4653d71173e4,10.95,1
134d695a-ba38-4c8f-9393-09d1a06a187d,10.95,1
7cd61da4-c2ef-4a8b-b804-87860a58f43c,20.95,0
d1366db1-5a57-4607-a7e5-46468430f0fa,20.95,1
20bd1422-0b0b-41de-be61-2d6605bf0618,10.95,1
421d4dca-2a95-4908-8e50-3fd82598f383,10.95,1
9f8acdeb-2e8f-45a8-847a-3b7ed209383b,20.95,0
2649a478-d396-4f0a-ab77-af9eaf32baf8,20.95,1
e59fc1c2-004e-481a-93d8-77a88a0ea57a,20.95,1
85a4b0cb-6e76-436a-a634-0d1aadb610f4,20.95,1
48842a14-1575-41ad-9bea-e9f8e8fb5a96,10.95,1
93f6f723-01d2-4a76-8a17-9780be5f902f,10.95,1
279f91ab-1b49-49b6-9cbd-b68268aa1236,10.95,1
fde6849b-468b-42af-9ca4-364d5d9ad9f1,10.95,1
8e0eabb7-8f20-45e7-9ec6-46eb2dc09158,20.95,1
25343e85-d2c0-4ec2-9751-94d7cdeb2696,10.95,1
2b633b18-9d7d-4756-bb4e-c9f5b2cd9a0a,10.95,1
66414954-c798-4445-86a3-cc71ff2f6883,20.95,1
1190e515-b420-4103-bca7-26eb03ef0f77,20.95,1
c68da4b2-f613-4da0-96f4-01e5c1e9c4fa,20.95,1
bf0418a9-f276-4513-aeca-f62944e22691,20.95,0
34ef71df-43f1-4b58-9f6c-0d603df76a69,20.95,0
2fe938e4-427b-4ffb-9ca1-adcc9cdf0664,20.95,1
6c878546-7faf-4458-af14-f7775dad348e,10.95,1
618192de-db37-4ca7-aea5-e3418e2ac3ff,10.95,1
1f096b9d-6969-49b2-8513-eda8581993cc,10.95,1
e33fc52c-4570-43e4-a53c-8f74a5076897,20.95,0
05e9f407-daad-40b1-af13-2a6d2ad55c0b,10.95,1
63ccf604-e2ae-4f87-ae7c-a782a7a31d25,20.95,1
7172f636-48bf-4602-bcd2-e8eb3f5560cd,10.95,0
98fb4727-9740-4212-ad52-45f48a0ec018,10.95,1
7b4d8646-58e0-458f-a8af-301f4f45f6f7,20.95,0
f26bcebf-7def-4b8e-ac0d-fc3ab011b125,20.95,1
6fe633f1-8f80-4d8b-a1d5-5f8569678586,20.95,1
3012f819-7df3-4378-9f6c-cab4b3522c18,20.95,0
44e9f8fb-4838-4888-9a2e-9864f8eaca36,20.95,0
3133839e-2e7d-452b-b85b-8a078b0ea0b9,10.95,0
355cca9c-fb6b-41dc-aa7f-7e0685695f97,10.95,1
1f44aa88-855b-4c5b-8cb1-457eeffad15b,20.95,0
c891d55d-94c1-46b9-8ac0-13d5f80590f0,10.95,1
9e5f8273-af9a-4168-9766-17957ffab493,10.95,0
0b34fc84-1111-4e29-a8ad-153985f0786a,20.95,1
08252b39-1947-4a42-b10d-c9d17c413a2a,10.95,1
0c90e028-4185-400d-971d-f5fdb38950ce,10.95,1
b55beaaa-cb53-40be-9e7b-4866d2705470,10.95,1
56673e49-8133-4bdc-a6cc-73768cca8963,10.95,1
d8485a54-531c-4812-bf31-950afdd084a1,10.95,0
36c3fe85-8bae-495e-902a-405c3d9ffe59,20.95,0
531f04af-b93c-42d5-93c3-7b5dbbf8da91,20.95,1
1417182a-61ad-418a-9387-5413ceef7261,20.95,0
bf67de42-3a0a-4b59-8538-4872deaa543e,10.95,1
ff5376a4-bb48-4bba-ac73-5be00ceeddc2,20.95,0
7b1dbca3-2286-43f8-8314-96ea2160446e,20.95,1
bc54b8c1-ff40-4dcc-9db1-f7f98fa8ae34,10.95,1
16efacdf-9375-4e61-ac94-503eaf4afcdd,20.95,1
d2535515-9dc0-48b5-9987-038afcd6c18e,10.95,0
a63fcf12-e226-4768-9e0e-9c534ae0fd7a,10.95,1
dde4d194-7c12-4198-90c1-b8f7e76428c4,20.95,1
41f74651-a033-4dad-8fdf-de19cfd835fc,20.95,1
854dc3bf-61d8-4365-bada-0c941679bbe0,10.95,1
72fcc072-544c-4132-9af9-7493e8e46b31,20.95,1
235b275b-dcd2-4b97-b3ca-9a6bccd3af7c,10.95,0
f4672866-ed56-42a0-ad54-ff2b10ee4f77,10.95,1
2e057f79-1cf8-403f-802b-1bf4b8ff615c,10.95,1
dafc3805-7f64-45de-b569-9aef03200c4e,20.95,1
74283491-79c8-42cb-a8d3-110e96bfae6e,20.95,1
8ebb8208-a0ee-404f-9ea8-fcb1473268c9,10.95,0
294d43ed-2da1-4fda-be65-6dcc6abdb05a,10.95,0
d90949aa-9bdd-4d7a-ad53-628b49851b79,20.95,1
7f6bf62c-a1c1-4b96-baab-d9f2850b7073,10.95,1
cc18dd0e-7978-4c84-aa89-a9797aa6d6ea,10.95,0
c064f074-c847-4130-9d56-030e1de987a2,20.95,0
8188de48-719b-4dd6-97b4-e75be9d18ec2,20.95,1
03e7dd21-1d4d-46d6-860d-113d2851a8be,10.95,1
989b68c0-b465-4027-add1-d45b6454a82a,20.95,0
1ce62a9f-79af-4348-90bb-c60d07bf63ee,20.95,0
af7d7f21-1bd6-403d-9927-839b11d1ce50,10.95,1
d1291d13-37b5-47b4-972d-2bd00fbd4c81,20.95,1
adf792ff-e9c7-413a-8b5a-4d7791fda27f,10.95,1
b40f040e-0037-447f-8d99-c071f7c8435f,10.95,0
64eec4c1-9714-4adc-b3c4-d0306e84e832,10.95,0
79912c51-2c64-4adf-a998-c8e1361241be,20.95,1
a86de251-7c98-456f-a288-109db8a9b014,20.95,1
91724023-09b1-45d6-ba6d-81ee0890f506,20.95,0
85fab5ea-1407-4edb-8456-ce4f77061136,20.95,0
e7f339dc-833d-43ad-b43b-9f717807c947,20.95,0
fd888cbd-a804-4463-8d36-f5e492a6f3e6,20.95,1
c5ed3982-760b-4673-a422-a73e958c9cfd,10.95,0
b0b6148c-ad7e-4ff7-9660-4762851b9860,10.95,1
fec88839-ec35-43de-b414-e3e1a3871e92,20.95,1
aae6787e-e744-4a30-b135-6d676d4ec8a4,10.95,1
fef72410-5528-4c45-a37a-a99961ff1d9a,20.95,0
ef5eeca5-8909-4003-9136-e5301f0733df,10.95,1
7c8b7f1e-5bf8-4967-b057-fcd4a1701e8e,20.95,1
ff12fe28-b840-4136-867e-4b72316e8645,10.95,1
88b04b77-7feb-4cf3-8ec7-7371a4b65cfa,20.95,0
7d283421-243f-45fe-bc47-16ad0970d09d,20.95,0
2dee003e-01d9-4e96-81a0-204714aa3ca3,20.95,0
3c52d68a-8ec6-4be5-812b-809e6b358d15,20.95,0
c5346e41-76d6-4c39-b822-7b0d81ee30e4,20.95,1
deb0de7d-699f-4b02-bcdd-0b483cb3c9fa,10.95,1
3d333164-4bb8-4be2-9bc0-798821f969e9,10.95,1
8a257159-3d17-4879-95bd-f39efb334e61,20.95,1
35b50ec5-b3ed-4f33-b587-d26ddf02774d,20.95,0
0df1172a-46f2-4f38-ac45-1540ae2356f3,10.95,1
2a96c526-f4ca-4e70-b4b7-99ec48cd42c0,20.95,1
bdd4c1f2-71b8-4ce0-a347-2e25ba5498fd,10.95,1
1a380e8e-29bc-4734-a929-66beebc095f5,20.95,0
d087edcb-be94-41cb-875c-c8eb4dffc9aa,10.95,1
2155fba8-35b8-43e4-a016-8e6d4eb39f63,20.95,1
f11cc0a4-bf06-4520-988a-617b254338df,10.95,1
1fa54251-5074-4c13-bc0f-94cdc2ebbaa2,10.95,1
150e3388-0a65-42a5-b8dd-f15d8ea035f0,10.95,1
d751af9c-f9e6-4ebb-afe2-487f4fdfaf5d,20.95,0
ad3053ce-a896-4e70-85cd-338470249792,20.95,0
67899d92-f33c-4c36-9a69-0cadaaab5830,10.95,1
3b172319-7f4d-45b9-bd45-7a09402d35e8,20.95,1
c0697f1d-a93c-4413-9396-a289c29a988f,10.95,1
813a3aa5-7d81-4c21-bf76-4fcea97ef131,10.95,1
9defc23f-60b7-49a9-b88a-fc64974ebb87,10.95,0
1d4dfdb1-4e0e-4e2e-9e72-d97010c49f9e,10.95,1
83c74cbe-916b-4f87-ac27-316bdd05b827,10.95,0
36cdf42f-892c-4b33-99af-8224d7232ce3,10.95,0
178a8c73-f53b-4020-be2d-e8c89fe3f824,20.95,0
c4e4fe52-da4f-406b-9d4a-c78bcf1643a0,10.95,1
31216863-2663-4d11-9d12-2ccf3d0d3ffd,20.95,0
503ba8c3-ce83-4e27-85ef-d6701f4d88ce,10.95,1
7d8823d2-0e51-4083-96e8-3922dce70289,20.95,0
e1228e75-4719-4f5c-b69b-d5963f10938c,10.95,0
ec511744-05e1-4e2f-b2b7-4922054edd71,10.95,0
61cf91fb-7e81-4dfa-bf16-e3e949b7e037,20.95,1
6b17bd75-307a-4acb-ad5c-3c49ba098a27,10.95,0
754a3e48-a5b1-4afd-af2c-20ac953922c0,20.95,1
0d574085-0f0a-4450-8e97-8ce118643b6a,20.95,0
50c76baa-2a3c-4137-a486-23dd6f8ef978,10.95,1
3427e466-17f4-485d-997f-aaf01fa7cddf,20.95,0
64e84ffc-1f3a-4c68-ae3e-6268fb38bc6c,20.95,1
73fe7e1d-f36d-4b13-9f53-4d9aa7faf009,10.95,1
0e378b07-cc53-4c3e-92bb-530d486fac8f,10.95,1
76a990f1-f928-4706-977c-9717836a5887,20.95,1
77dd362b-4a6b-436b-957f-108b86514886,10.95,0
3fa7c199-d76f-4813-8ce7-94d7e724b119,20.95,0
14eed987-95e7-46e4-813e-84bd5aff4594,10.95,0
6498da39-d7c8-402c-aea5-312ac942e6e8,20.95,1
c1e1f813-747a-4231-b95e-44e3965349ee,10.95,1
88ccddbc-6f0d-4229-9b38-7c72ac648459,20.95,1
67b41520-b11a-4696-b5cd-3e5c7a248720,10.95,1
b0b710ab-f690-42cf-ac7e-5cc6b0cf3e7f,10.95,0
b22f2e91-0411-4e35-90e3-4b2b1ca64c33,20.95,1
1dd03ecd-0595-49a3-ac00-46f07957595f,20.95,0
73137fa5-dc1b-4eb1-8506-536c78b3842a,10.95,1
50db8e34-938f-4b90-ac08-7d6c04de78f8,10.95,1
702805af-5806-41f1-b820-242631341ab8,10.95,0
cbc4dd42-5c39-457d-bc0d-bd13a70a409d,10.95,1
d772e63e-f670-4a62-b506-d74ccc8a6796,10.95,1
81dec9db-0abe-4257-8ffe-38c9d2d81eb3,20.95,1
7107514f-b54a-41ba-8ac8-927eba751921,10.95,1
d1b48562-55a8-46a1-9d1d-dcb7a5a7e280,20.95,0
a90d75ad-cc8f-46ce-b69f-627cfae45d7c,20.95,1
581ab26c-e8c3-4a79-904e-54acbe216c79,20.95,1
9c433e67-871d-4bfc-a674-10de479fb5f3,10.95,0
4fefc63f-8d41-4660-82fc-e90817c305fc,20.95,1
740173c1-0155-4a51-bca2-c581928b1e4b,10.95,1
214bd473-e375-4867-acc5-60710febecad,10.95,0
9ff0f466-ccc0-4446-96dd-58af53415fe2,10.95,1
91fb8925-f511-4438-8d89-2cedc1f31143,10.95,1
9b5ad674-8896-44b2-8e92-605915ab7cd2,20.95,1
24df6dcc-490c-4f97-ab0c-456b8ab20bf4,10.95,1
e49c5edd-69ae-417b-a478-4b7d51ee3cc8,10.95,1
8e7569bc-b99e-4f7b-a3c0-1eb1d49b862d,20.95,1
e6c51969-0118-41cf-b9fd-cd339bd972ca,10.95,1
5a5ddcc5-1f98-4a0d-ac18-4ef971f71add,10.95,1
be3eb6f7-38b5-45b9-8265-a22371cfd772,10.95,0
e78dcf32-7e2a-4f73-87df-a607096b7724,10.95,0
20d4c165-9691-445d-90bb-794e2cef7557,20.95,0
c841b6a8-ba99-4da0-85e8-9165e1896b25,10.95,0
8f63c2bb-ae41-4155-80bf-6f6b9d4d0658,10.95,1
846af2e6-5c89-4b2a-bedd-fc1777723a5a,10.95,1
14f16d92-55af-47da-b1d1-d6cb6450dd3c,10.95,0
6e8d0018-a04d-4c84-9c59-5e034d2d3557,20.95,1
985d654b-0325-4820-9a49-de981ba651ed,10.95,1
d7c713b7-2d13-48f3-8580-8066322c3dae,10.95,0
53e2e047-2608-4b53-8a22-6cfe4b4f8f74,20.95,1
3832dfc1-350b-4860-895e-e97ca6552e7f,20.95,0
0a8857a5-957e-4c66-baec-eaf85a00d0f2,20.95,0
51284026-7f5e-4b6b-8df4-01375e15433b,20.95,0
1519613c-e6c7-4f15-9bed-83be136d6cce,10.95,1
3bd54863-7974-490b-b5ba-5e93bfc77282,10.95,0
d8867545-5025-4c18-95fb-f5dccabaef3c,20.95,0
8d8b4c60-acc5-4c62-9ab4-44a72be26bd1,10.95,1
48a84587-62c9-44fc-b686-cfa7e94ded1e,20.95,0
2bfcc524-02d3-4b7e-84be-7e1c5e5ffeaa,20.95,0
798b2f02-aa2f-49d1-b5ad-09f5d161a381,20.95,0
bcbf1583-0a01-45e5-937d-6fb176733597,20.95,1
461633bc-286e-4f0a-9edb-aec4e2b2de4b,20.95,1
c5bca449-0c75-4a17-8131-c6019923fc7a,20.95,0
e1dd7fdf-f570-4436-b877-2265102c01a3,10.95,1
e2ad828b-113c-4f25-8b3f-953a5e75788f,20.95,0
991b749e-b9ad-400a-ac64-8a9b3cf1c29e,20.95,1
fd063a58-aa3d-4585-aaec-f4e0e81909ce,10.95,1
97b6a461-2c76-44c1-977d-8b262024c407,20.95,1
b8bf9cae-2a06-4fd2-8fbc-098477922d9e,10.95,0
782152e0-b701-4925-a2fb-e906554ed52c,10.95,1
fcce3ef8-a41b-44c2-8ecc-b0ab7d5338ca,20.95,0
ebe55cc4-08d5-4cf7-ba4c-38ef3e0ad66d,10.95,1
ae5a5f99-f1bb-4d9b-b499-bb6b9afdd464,10.95,1
17a15a60-c55e-4efb-9de2-0f2d03288b00,10.95,1
7de1936b-d0fe-44f1-ab1c-2d3dfcadb3fd,20.95,0
1c3892e8-f2cf-4d63-80ab-4b7f2e968660,20.95,1
7a57772b-3c1a-4ce2-95ec-ec2c07983bc0,10.95,1
fcd49681-ca09-4b17-951b-2503aa528f85,10.95,1
eccf3b91-e352-49a0-95de-293bb9a807ba,20.95,1
f521cf35-a358-44d3-bc76-627b00cd11a8,10.95,1
7f780428-20bb-459a-8820-7d4e812fdd98,10.95,1
25bdab14-74ae-4b96-ae13-3adc7ff5088e,20.95,1
fd853cf8-7932-48b9-ad8a-c4bc6c24dcaa,10.95,1
ec4de885-b245-47d9-8849-032c48754d16,10.95,1
d98d213c-0ddb-4654-8e19-2f51dda8b391,10.95,1
260892d6-f840-46f2-af0e-ebef97e89057,20.95,1
a894b11e-abb5-48e1-8b9a-6ed5fdbcebdb,10.95,1
624b31d7-2e5c-48ad-97c6-eb3ccb5a1c0e,20.95,1
e8ac64c4-b6b9-4240-9041-6cbc534234cf,20.95,0
c891c9c6-8952-4c51-9145-3eb78e59f579,20.95,0
d64f10b5-84d6-4400-905d-d35c7d127b6b,10.95,1
dcac41f8-2e40-41c1-9e09-14d2e5c943b1,20.95,1
8192ef8f-1fed-4603-badc-970415a905b4,10.95,0
f23b1efb-0bd1-4d4a-8cf4-1edd3f9304fa,20.95,1
61bc7c56-42bb-4f63-8145-8abc8cc2e0f0,10.95,0
16c702a1-a3e2-4c17-9450-c61f10e2b676,10.95,0
8d31df34-4830-4ffe-9d8a-bf0a9278f380,10.95,0
bdc5a633-ce5b-461f-985d-40112e408d57,20.95,1
a3a22f35-b9b5-43c7-ab1e-fddc0d888933,10.95,1
86052bef-c382-4725-a1c6-3384ee20a0b5,10.95,1
5a98b715-4c60-4543-941b-f89c75d9c07c,20.95,0
7df6bc1d-6e49-48ac-99f1-45cc0244e4d7,20.95,1
6bcce72a-1e69-4c3f-840b-71a6fba13732,20.95,0
020e2e6a-bcc8-409b-98da-ae8cf9f7e004,10.95,0
4e733dcc-8664-42ee-a844-a0e3615eca80,20.95,0
87638104-96c2-4045-875f-fb36be30cae9,20.95,1
b46499f4-3163-4274-b0c0-41a9d141b9e4,10.95,0
fd595978-7965-42e3-b9b0-94ac4d2d8efd,20.95,1
f8b6bdee-8373-4df3-9ec9-1438884ff1a7,20.95,1
9b72a9fe-669e-498d-a3e7-3896c784ef4b,20.95,0
154f9eb4-5316-4cb5-9e7e-00e5f8e351ea,10.95,0
a845f723-8992-4e2d-8400-e249f8bb1616,10.95,0
653d171f-c0bd-4748-9bb4-64a3cec79642,20.95,1
54edfb70-4eb0-4866-a9c3-d598d0c24f21,20.95,1
b7007ce3-e25c-4f9c-afcf-ea4d627e91e1,20.95,0
87cd9444-6dba-4754-ad95-d98d26aeaf29,10.95,0
e830257d-cf8b-4eb2-83f1-5176eed15809,10.95,0
93ed82c5-1cf8-4164-913b-776ed08ce31e,10.95,0
894539ec-8850-4e9d-be1b-203488a5316f,20.95,0
2a31edfd-6166-4c7c-93c6-e5a067b4a019,20.95,0
6843ee98-54d1-44d5-98ed-e297acb83fce,20.95,0
293a60be-b7f3-40ad-84d1-c310240f92a4,10.95,1
8c111ba4-4f3e-4a2c-9ed6-4d2ac42d5f03,20.95,0
11730df2-2956-42c6-8bac-fa4aef1e4acf,10.95,0
0a22be56-7cfe-4ab0-9198-83f9f8c01007,20.95,0
5fa9b21a-504b-40c8-b3b9-37f29fe7e068,10.95,1
4c5fccfb-14ea-437c-a7b2-916c461ea8aa,10.95,1
2f1fc132-426b-4236-a4a0-7521ab6dd0aa,10.95,0
b9046b52-13eb-4599-b2d4-d3a598dd6c3c,20.95,1
d51f6de1-f17d-4a26-b357-d500fcfd348c,10.95,0
2a8598d1-c63e-4e47-8bcc-4e8db24a4a6d,10.95,0
ffc19ef6-a61f-435f-bfc7-06f0b30672dc,20.95,0
55f8bbb8-c3dc-4b92-b95c-a96d85ee751c,20.95,1
6f959489-8af2-420e-a9a3-e5f6984ad463,20.95,1
db642c52-e7e7-4ec3-acd5-afa3f01a5097,10.95,0
69499fce-eeb8-4b7d-9dc3-3d41043486c3,20.95,0
69b6175e-76c5-4d2b-a9fd-d358cb33478a,10.95,0
bdbc34f8-c8dd-49bb-b42e-8714a51581ba,20.95,1
27439b53-06b8-4c8a-83f9-c74d085d5d01,10.95,0
31523136-6430-4373-b936-a9688e44f2f8,20.95,0
a2e2d1ca-f07b-49bb-a0fd-a7846dd9a879,20.95,0
8d8b3728-d65b-4676-829e-70e0eaaa94c8,20.95,1
a26c2d5a-7426-47e7-bbc1-085b216b9833,20.95,1
b9ef9fa8-3ec8-4e58-9728-2d3089111a42,10.95,1
a02cbed2-f58f-41b0-bc8c-65ab12d5dfe5,20.95,1
293e16b3-cefd-4224-b36c-c67ee886818e,20.95,1
1e014975-080d-4370-9ad4-c20f9b4dbb90,20.95,1
bddfd7eb-8591-4036-a88c-22220148a245,20.95,0
a6e486bf-8d2e-4a22-b544-f70c593acb51,10.95,1
d0de4fb6-458c-4c02-bf40-964098a91187,10.95,0
a1f886ce-e5dc-4ce5-9fbb-dfd75a58abba,20.95,0
1c5d9fe9-0b07-4a68-88f2-17a3e2213776,10.95,1
ab117736-7260-482f-a30c-1e0e69cda159,20.95,0
5727bd83-1ac2-499a-bcd6-572f301b5b4e,10.95,1
8ce0bd8f-ed4b-429f-9e4a-a01643fcf7b7,20.95,0
0922d88d-e522-4d31-8d9a-6fce1d7cf46d,20.95,1
b7403274-b313-4c8e-9ec6-c95ee1f217be,20.95,0
11c7c76c-ae73-43c0-90ab-36602b945cbb,20.95,0
bc1cd60d-7d9c-43c7-b3de-aa5655eef366,20.95,0
4d171ebc-5a45-48ea-93e7-63d10378bcb7,10.95,1
25dccca2-054e-4210-a3c9-f400ba6c557c,10.95,0
bdb2fd9e-93dc-4eea-be8e-e36a07e95e6d,20.95,0
02223c10-f82f-4dc3-9c35-730b49d52453,20.95,0
eed4d005-7922-4d87-883a-1c2738071019,10.95,1
3312de73-c485-43a3-aeee-230223a10fdd,10.95,0
817c6779-d52d-4f91-864f-e16479472ea4,10.95,1
b5604484-9377-49f6-ae2d-0681a8b26070,20.95,0
df18e065-df58-44d5-9165-5b1e5b9facde,10.95,0
4feeea91-8003-44a8-9c7a-b4e3ee8b09a3,20.95,1
0f344fe1-c3c5-4bb5-a355-ce1655a47eab,20.95,1
7f20f661-091d-4643-9aa3-c18e0aaf8962,20.95,0
c60b846e-06bf-4fb7-8e2b-d8c9ee662c46,20.95,0
8d70600f-04a1-4d66-bce8-8f22af001605,20.95,0
b2086418-6092-4068-8403-b430631a9c3c,20.95,1
fb876271-9d9b-42b9-a5ab-686c1e34c29a,20.95,0
34b34dcb-8b2c-45b5-b039-0686400d083a,10.95,1
86df42bd-3e84-455f-a755-3468de74e122,10.95,0
b2c68986-3c2f-4b76-ba58-4a4b092e9fab,10.95,1
4728ddf6-4532-499e-88a4-3ec0d61968aa,20.95,0
0e9f52f7-c09d-457f-bc44-1fbcedb68854,10.95,0
88e61f32-f01f-433c-bdab-0afadbc7945d,10.95,0
56688530-4bbb-4e9a-8af5-3d42c5767c74,20.95,1
cf6d2a9d-a72d-4bf4-884d-16c04021a347,10.95,1
b7a4c108-8dac-40f9-8abd-99fd513cd464,10.95,0
1cf98855-719d-454f-81c6-af4013d5ac4f,20.95,0
618f178a-266b-4b6d-b9ec-28ffa8350a40,20.95,0
78ea904d-9b6b-4992-8d2a-9d7acc5732f2,10.95,1
1b96ee81-9ddb-4fea-9bd7-871c976b1a33,10.95,1
7a239f3c-c1f6-428b-8a0e-fbe56f8963b3,20.95,0
741a5b09-a63f-43ea-ac85-2cc75eb00e6f,20.95,0
e70cf274-9930-400a-8700-6af32b39e995,10.95,1
eb01bba7-4b81-4a84-b42f-790ed4bee4e4,10.95,1
2d1b143e-1da6-436d-acc3-f8aaa9943d14,10.95,1
81eab1da-4496-4883-8a7a-677b076a16e7,20.95,1
380cfd3d-ba6a-441c-bc4a-14cf44b0703f,20.95,1
34c993ae-8938-479c-aaa2-0c1ee028c315,20.95,0
5fb698a5-e920-4b3a-a951-c8a7cd210a34,10.95,1
757ad703-4628-4fb8-8d59-f68e05ffa2f2,20.95,1
8f962ff2-186b-4a71-9569-12ddf9cf2bd2,10.95,1
793841a9-d68b-480f-9dd2-30366737cac9,20.95,0
d5963842-567e-4c74-bd92-232a4fbb831a,10.95,1
b5786277-761c-4a2b-9263-f8e03c5969c6,20.95,0
7ec469d8-6c97-44c0-a2b0-505509fff6ab,20.95,0
1e19f010-4bf7-4012-825e-c446663f730d,20.95,0
ed55169f-5486-4db3-afaa-f79135eb0106,10.95,1
2de1bda4-6a92-447b-9154-00a60283a43b,20.95,0
206faddb-1a31-487e-904c-01a1434fe133,10.95,1
ceab2f76-f776-44e8-86f9-09649ad28c4a,20.95,1
edf6cca4-1761-41ce-b768-d6aafd34d21e,20.95,0
ddbb3fa4-0679-44f2-ad92-38a459225b53,20.95,0
8f4ea920-9df2-4554-b6ba-48926c905f13,10.95,1
7886f504-ed75-4b74-b7d0-c829dcf9b680,20.95,1
d33650db-3164-42fe-90a0-e2600fbd6062,10.95,0
21fae8a0-bcf4-4ed1-817e-3dc0bf5628b9,20.95,1
43b93b02-7089-4400-b293-2bfb42650798,20.95,1
8365d2cf-173b-4226-84d9-ea2dcb56eb48,10.95,1
2fb9950b-a190-4a44-a888-7521845c10ea,10.95,0
e6b9f3a3-96a0-4726-a886-a9fc60beb85d,10.95,1
74d99fb1-9dda-4e36-8f29-21017062dff6,10.95,1
4cd82847-66b1-4859-adb5-d5e67b88e4ef,10.95,1
e2f7e7ea-4cf2-4df8-ac1f-5d972a983090,10.95,1
c9dfaf7c-5549-4107-a9d5-00dd21408672,10.95,0
db964db1-3c76-46e5-af41-87bc1493794a,10.95,1
0df473bb-c577-43a5-ac26-257766d6089e,20.95,1
acba60e2-decc-4aea-a22b-3588c275da34,10.95,0
d015f623-83d0-4e33-b296-c4c04201938b,20.95,0
eb34d8de-3e7d-423e-9e03-83d4b061c6ff,20.95,1
04cac3d1-3506-4337-a83d-21a9014b069c,20.95,0
398e1dc0-38a8-4b55-98de-abfe5172e4f0,20.95,1
75ecc661-d3b4-41d1-9bfc-24bdb647d58d,10.95,1
ac48ceaf-2b85-4fb7-b29e-21268840e78a,10.95,1
6a5731f7-6e78-4d59-909c-ca675a042fb0,20.95,0
55849e58-d472-4e33-885c-c79300dab7f8,10.95,0
6b13b71d-f968-46e7-ab08-984ba731d6f3,10.95,1
2cdaa0b2-3d43-44fe-9fe9-1357b91a7793,20.95,1
01c31adc-11e1-4ee9-b664-b2b9b8d80619,20.95,0
65fd5412-cfc9-4b52-8aff-a0a00f4e2726,10.95,0
43b6c6ef-35c8-4133-bb8b-1581cba95e23,10.95,0
4b9842c5-57aa-4681-828f-54aac1c97ab6,10.95,1
e152dc3a-3894-4e06-86a4-093b49d693b1,10.95,0
41deca4c-625c-4de5-9bf1-19414ad653d0,20.95,1
5d39b505-4269-4d14-8316-cde595906901,10.95,0
f3b81fe4-194d-4447-a05b-e2306603854f,20.95,0
2ec46bfe-bd4b-49cd-8c19-e0ac418df073,10.95,1
ad8716e1-4679-4c1e-9755-19cd3fbfe7eb,10.95,0
556ed0d1-4e65-4eee-a51d-d64e5eec2af4,10.95,1
46327360-c45d-4c03-b4f6-b97ef998aaa1,10.95,1
fca7644d-47b7-4d17-bff5-ea797caebdfe,10.95,1
5e9432d6-89b3-489d-86aa-f71457baa888,10.95,0
05ec647e-eec4-42d0-bf66-02259a86a2f5,10.95,1
ca46739f-53ba-4c3e-8c5b-f684df823a94,20.95,1
c7d4a10f-8eec-42a4-b966-f9c21796b7b1,20.95,0
87184322-743c-4de6-96fd-c5049341dd73,20.95,0
888e58e7-06b6-45f4-99d4-5a552e7c77b0,20.95,1
52c1e256-e5b7-4f49-a5b9-5c1abac8f92f,10.95,1
9e181620-5f27-4ee1-8b07-9752a93429ae,20.95,0
4e5a4392-343e-423f-bf5f-ca4f07acc717,10.95,0
10fab909-fcfa-4e61-ab7d-71bc17956e87,10.95,1
8a3c8743-a808-44f2-92a8-080920d19fc0,20.95,0
be41635f-150a-4643-a8c1-fb6439bdc3ed,20.95,1
f9553aad-b5e0-4cbf-9420-d1494d156c62,10.95,1
02ff9754-5291-4b6d-a592-4c9f29714f1f,10.95,0
a7cc4274-4780-4b87-beb5-ba0f1e2964f1,10.95,0
c5a24d77-7cc3-4e98-9f39-7fa5ce96cc5e,10.95,1
df9107d5-2055-45c6-8bb3-e035b67333e0,20.95,0
f0f5bdc1-d1ed-43ba-a5c6-5e052ebfaf4c,20.95,0
0c858238-4746-4fb7-b3c3-2015dbb93bf6,20.95,0
c3bc5ca7-2906-467d-928b-829a7b1e5e13,20.95,1
b9d9c1dc-1f9b-42b4-a6c4-ce9be483f4f1,10.95,0
a3027b21-02c1-4269-93d5-09afc2b5ac1b,20.95,1
d27e5846-4c7f-4cd6-b032-97d2a911610c,10.95,1
95c127e6-6d08-49b4-b76e-3a29a07c68c2,10.95,0
bb5493e6-ff63-4fac-96ac-b78e1a617efe,20.95,1
97514f49-38ac-4486-beb6-c0a995f5f2ac,10.95,1
f43e075b-a486-47d4-8b29-5e19d694a527,20.95,0
501bcf44-67f3-44bf-a3b3-1be617269541,10.95,0
32d8bc29-1370-4fcb-b215-34f79e541d3e,10.95,1
a5dc733d-70bb-4a0e-b9d0-2b29e008e8ed,10.95,0
d682a0b4-7bb7-4c42-9cba-7bc6db872c8f,20.95,1
e37b8f84-9351-440f-a093-ca68664d49fa,10.95,1
b1757e7d-f545-452a-93b8-ec305b693697,20.95,0
9d254dc4-122d-4f06-ba33-dca5c64d8e70,20.95,0
4083ff8f-e10a-4f9f-ae2c-219ab50f2f5c,10.95,0
14e1aabd-a20c-44ba-a5b0-8e26fc52a468,10.95,0
627f34eb-53ad-432c-8131-771e033857e4,20.95,0
2e2fcae7-aedb-4046-995b-9abc1b972332,20.95,0
eb85105d-9cfa-4010-bf51-cc9627bea2b2,20.95,0
a8df7aa5-e8e0-4199-97f6-4255cf979ff0,10.95,1
72a9dfa1-22ae-4888-9200-41ca4855f44a,10.95,0
c54f447e-c94e-42f0-be06-8b4e7f63abb8,10.95,1
8af41753-923f-428e-a678-82aebf733026,20.95,1
0b72d0ef-b2fd-4a38-ae5e-c1fc5eee5114,10.95,0
e67b6ad3-34be-4f01-a1a9-3ecfec0dd9ba,10.95,1
42186e6d-ab24-474a-9f2b-e8ba3f05344c,20.95,1
e6ace778-d7b6-40a3-8730-b04b608bb508,10.95,1
3366da87-7f7a-478c-98b1-3a9d8e041844,20.95,0
2f39f8c8-6358-4706-9545-b25409bc6a80,20.95,0
27180985-f2d6-418c-83a3-574a919cf735,10.95,1
e6c9fd54-24bb-4796-89d6-8cdc5ed0b58c,20.95,1
75e8abfe-6af0-4106-a235-09a86bcfdfa4,10.95,0
64907a63-36a8-453d-8e90-ee87a4dd2fe1,20.95,1
061a1396-7167-48ee-b175-82082e292386,10.95,0
c827e7c0-9337-4b34-a6e1-608ea4282ec4,10.95,1
dcbc5e3f-eb90-40cb-8238-1c49057eccfa,10.95,1
71e538a4-e8c0-463d-a58a-9c6bf205da82,10.95,1
f8655d61-0515-4381-a4dc-668072847156,20.95,0
4cd3a6a4-9fc0-4086-a28b-a68a2d5f4dd3,10.95,0
52194d62-a25c-4c5c-b629-c95532773b28,10.95,1
4e7fb47f-b354-419d-bd22-4110a63f69ea,20.95,1
4d7e6eeb-04eb-4694-92da-e5a7bc11733c,10.95,1
60094db3-b265-493e-8531-4fd0ac01e53d,20.95,1
8240252d-dc89-459a-9190-ae93e9d0c2ec,20.95,0
ce96a698-bc8b-4eb7-8371-46f7b91d8c4c,10.95,1
5247a092-d93e-4b08-afe2-6180302dc72b,10.95,0
81b41b37-698b-4ff4-99ff-70c64bf5cf0e,10.95,1
a7a3bc7a-01c9-4464-87d2-2e313da325e2,10.95,0
d1550475-c172-494f-9eae-2feb0f76a282,10.95,1
51ae2d48-d6f8-4aa7-ba26-6e87432f174f,20.95,1
ec66f55e-5309-442a-b62e-0da3e14604df,10.95,0
263e0670-a1d7-4730-9ec8-bcbbfd610d09,10.95,1
2f14b369-f22f-4eb8-97ca-bad126aa7809,10.95,1
4a10ff5a-9b99-4012-ba09-071cb4bdfeed,10.95,1
a1aa8c49-4ed9-474f-b4f4-8fdc0351d800,20.95,0
482a68ff-8796-45b8-a122-32df995fa798,20.95,0
0488a0e8-1028-45b4-b938-ce7ff86e2588,20.95,0
79e76f99-f8f7-4639-a6de-fc16ea6dccb6,10.95,1
a1f76e1c-c816-4e32-9263-a195f7294c21,10.95,1
e3fb8c1d-7841-43dd-9034-4c867d14190d,10.95,0
7672cdbe-7dae-4677-877b-fb5014d0945b,20.95,0
bc496467-0f81-4db2-bbc1-686b4badb973,20.95,0
0e4cc983-82ff-41e0-a21d-4d530a14e77e,10.95,1
39bbab8a-b281-438e-97c7-d8e6a495430e,10.95,0
14a3ffe6-b3aa-4060-9971-116a01d4bcf6,20.95,0
c11161a7-339b-4275-95b6-eac128eccd72,20.95,1
be2904f8-1b52-41e6-8dfc-9ce763300ee1,20.95,1
ebbaca66-2a4e-4d28-80fc-e1449a106a52,20.95,0
deaaacaa-748a-489c-bc1c-09a3b98d15a7,20.95,0
7aaaf675-b807-4b46-8814-e14eb5bc1efc,10.95,1
92dd8487-cc79-4eca-99e1-8c8228d04562,10.95,0
ae34097a-c6ac-41e7-93e1-4d832f8af5db,20.95,0
355cdfff-5ffa-4dbe-a343-687057d9f647,20.95,1
b047824a-6c36-4d23-9916-f984c510c97a,20.95,1
c25110f8-7cc9-4b10-b677-fb0609e6614a,10.95,1
b2772e31-4655-4f9a-b692-f6812e654dcc,20.95,0
9564d4c1-aedb-4262-9d95-b4d7570edab2,20.95,0
060fc65e-9011-4e99-9aee-c74ff2591fc7,10.95,0
6e12bda9-b2ec-4ff4-8b59-b1515dde7466,20.95,0
e8180064-3e44-4305-ab55-920d81d231cb,20.95,0
314e9b45-0715-41b6-a506-6540c7d77fbb,10.95,0
eac7c57b-fc96-4d06-8e8b-30cea67155cd,20.95,1
38498d35-c329-432b-9114-6ac79588e38e,20.95,0
8a90517c-05e5-420a-a152-56aac02d7e7f,20.95,1
13cdaa4c-b415-47cf-a4fe-fbbe5f7a6026,10.95,1
67b4c897-5a6f-4b6b-9070-2efc37ca273b,20.95,0
73c66188-108f-494b-b294-a9b6a53dff52,10.95,1
b963c2fc-6fb0-4297-bdaf-638b053f1a43,10.95,1
4142d00e-6ff6-4a9a-96e6-e8fc6c944bca,20.95,0
17087003-3a84-4b35-82bd-e8050c485217,10.95,0
2dc149dd-c87c-4935-9139-e6d844e01371,20.95,0
2ab9aa52-685d-4acf-afd6-b83c86022833,20.95,0
ca5fccf2-9726-4a28-9d7d-8ff7732f4bd7,10.95,0
4d4e0bd1-cb33-43c6-a629-89b923cce3bb,10.95,0
4f728efc-3187-4c09-94da-10125a3c49e0,20.95,1
0f54c086-4505-41e1-8fc4-5e9eb60afa9c,20.95,1
41515f1e-9174-4136-8c0b-dc3f6d4a1259,20.95,0
ab5eebe9-1478-420e-9d3e-a32c7e54da1e,20.95,0
aa399b2c-a1ab-475e-94a2-315dbdfb0259,10.95,0
ce62665f-476a-4991-aebe-f7a28521e25e,20.95,0
5572fd41-07d5-4b96-ba75-b5fc7921f0b3,20.95,0
1259d654-86ad-4b8e-963b-ca599d8d2752,20.95,1
765bb069-10a0-42b2-a37c-56bb48d160c6,10.95,0
4b2cdc4e-4e70-463a-8245-b08ff3a2e957,10.95,0
4d73a782-9671-47ec-bab8-ad708d57c064,20.95,1
58578862-3105-45b6-a40b-1814281269bc,10.95,0
76a831c7-7f63-42b6-9001-3b992fc28f20,10.95,1
6f581316-3258-4047-9cba-bedaed343b0f,10.95,0
68473103-0496-422f-9525-a0d148d40d84,10.95,1
65126fe3-410f-41df-945e-49c7e78579d2,20.95,1
8d676a99-a94a-4567-88ba-1f6f36a25607,10.95,0
7ad866ba-f252-48f9-bedf-665fa5978064,20.95,1
f41e2e7c-00da-4e3f-afe5-f873da60314c,10.95,0
56b6b8cc-a612-4e53-9f5e-9c52ef15627d,10.95,1
983ae235-1891-48cf-97d0-50be22530aa4,10.95,0
c2f72b1f-b9d4-42d3-8d35-f50cff02bf74,10.95,1
697ac96d-d988-4d2a-9706-62ce47d9dd10,20.95,0
5ccee873-19a1-42d1-9a00-7c08997bd7bb,10.95,0
4fbdb622-46c9-4e33-8c90-6c013b44dabc,10.95,1
dddf8a27-b360-48af-91aa-fb5ceb0cbd6c,20.95,0
44f4caeb-49a4-443e-940d-8bcce926aa56,20.95,0
1d5720cd-fa52-43bb-805f-33377f67c68a,10.95,1
63fe0717-f6a8-48cc-ba11-df76d6e75f73,10.95,0
7c641c58-a52d-4946-bc03-032cc7f020cf,10.95,0
45957a60-194d-497d-b09d-cd19413b4e20,10.95,0
3dc0f8cf-1b6c-4937-a282-d170f5080d9c,10.95,1
c1fb0bf5-3e8a-4072-8f49-2a2740898b7c,10.95,0
53cef524-0502-4ad9-b568-384d262b2cda,20.95,1
bb8cea35-1bc4-4161-aff7-9a573183eab0,10.95,1
0bb9c606-5320-46af-beb0-b8d1e3e7e32d,20.95,1
1e684eac-9c9d-4925-bc98-fe89ec6ee5ca,20.95,0
01a0960b-ba89-434b-b224-7627c1e0248e,20.95,0
18f67e0c-bd28-48b0-86e2-e0802a0f31e4,10.95,0
9e5f992d-39c2-4259-b310-453da962a21a,20.95,1
c2d6f712-e152-4522-81af-d792a08ba0ef,10.95,0
2bdf3df4-01f3-4146-a0ca-40ea79465f66,20.95,1
f42050e8-3730-4f79-913a-27afa9179e02,10.95,1
36d25823-9b35-4089-829e-588250d3b1d6,10.95,1
dfedf5fa-174d-45c0-ad60-18d977019d44,20.95,0
1cf85fc4-db6f-4f8b-b316-891d88964456,10.95,0
23c43184-348e-40ae-9680-b541d9a9a834,10.95,0
cf41c7ca-dce6-4522-8632-718eb0ddbe62,10.95,0
b01de936-1527-490a-94c0-8edd95f9a545,10.95,0
99b06cf9-25df-41fb-9011-6cb38bb7ecee,20.95,1
c362f40b-d309-4fc5-acfc-4fb4268c3b15,10.95,0
0b4d2de2-06b8-48bd-b7a1-cf7d6f47d6b6,10.95,0
16b44b0c-576b-4523-a2fc-ab345868ffda,10.95,1
6444ea5b-dd81-4c65-9f56-4aa2ed9a7dd6,10.95,1
bbb890de-a025-480b-82f8-bae40145d3df,10.95,0
b7dabc68-60ca-4ead-b1a0-8f668402837a,10.95,0
666bd0ee-b257-4bf7-a439-680010c69c57,10.95,0
858fab60-2bbe-45ea-b9da-74804b8f05ff,10.95,1
b78cbafc-c1a8-433b-ab77-fe6ee1236175,10.95,0
dd8f5010-f58f-46a0-b111-6b6a4b38a57b,20.95,0
dcf315c6-47a0-49ae-8ac6-a8536943dab7,10.95,1
803f8f00-b289-45e7-8e5b-ef683dcf3be0,20.95,0
375485e6-ea9e-4202-b463-47573d231e3b,20.95,1
1f473751-b579-4849-a22b-c2f850a8ad59,10.95,1
0a09bdc1-39c8-4117-bfdb-88d752b1731b,20.95,0
c22664f4-7f25-4778-8140-3ce5c2e8118f,20.95,1
13853f45-0ed5-4c8c-a2c9-4a442248fe75,10.95,1
0bde24e2-be66-4e49-8a6d-6803f75ea48f,10.95,1
20f8260c-bf10-445a-9dd3-c5d218927ebd,20.95,0
d173bd6d-16a0-4e13-9b80-5cc7e2712ff8,20.95,1
6e06f176-d140-4967-8d53-48d15b15674d,10.95,0
4c6694ab-57b5-4de2-b1ae-84bec7be05c6,10.95,1
1fc7737c-b94e-46f8-9d50-6e835fd24b9a,20.95,1
90809121-fe41-4b81-9e45-295681e4ee99,10.95,0
fed024cb-b6f3-4bd4-8409-b7c8ef59a4b5,10.95,1
9acb0045-a449-4efa-8d7d-a747d48d5f9a,20.95,1
ce9ca015-c7c4-4854-96d4-eb062f592f3e,20.95,1
8ed31834-fd72-4fc2-85e0-c019b31e120d,20.95,1
a455ea22-07d0-4e2c-a440-6398f8eb7113,20.95,1
386bf5fc-9b52-4a4d-851e-4fe83a6570b5,20.95,1
e6f9c201-2478-43a1-bb4a-02831e287c97,10.95,1
cbd93d47-966d-402f-bd98-03952621b899,10.95,0
d56e0949-1de5-4d73-8e1e-5ebdff99fe31,10.95,1
0ce06819-24c6-4f93-a081-9bf56940240c,10.95,1
efef1246-16d4-42f7-bb6b-c3b774309740,20.95,1
37df79d8-30bd-473a-9f0b-2be660404c51,10.95,1
671cae75-6dbe-434e-a2fb-8131b81c5f50,10.95,1
adc25f16-64b3-4768-bdfd-984e16107d90,10.95,0
f99a3620-6ee2-49bf-8ad3-03b1d77dd689,10.95,0
7537fb16-81ed-4eb3-8bb2-7f15a045d9e6,10.95,1
863e3610-ae7a-452a-9179-15b7883a5ef5,10.95,0
07d7a393-09cf-4063-91b6-aa0174e60f83,20.95,1
937838f9-bd46-4b37-885f-3b06aefb886b,20.95,1
64fff7a6-35ce-4da8-9d3d-c371d6ac0d84,10.95,1
6d1eb9b4-cc7e-46de-bcf7-526e18edc1e6,10.95,1
66f6290a-592b-4112-8459-3083db408797,20.95,0
dcd2dfd4-4c74-4676-878f-cedd71341dec,10.95,1
b174429c-cffa-4e4d-953e-09baf7b6e34b,10.95,1
5f5c6553-4e8d-4654-8d37-10e627ebe3a5,10.95,1
08a66a64-7b03-461b-9705-a33e52f02148,10.95,1
48cc02e8-4da2-4b5e-88ae-4aba19b1cec8,20.95,1
d0fcb577-cec7-4674-8b19-f320b5230821,20.95,1
d756b927-e0f0-4008-a4a9-94d79b48c6fb,10.95,1
2e401311-c973-484e-ad4c-041374be3766,10.95,0
c986b3e4-7161-4888-b2c5-2d76370ebb11,10.95,1
e1ebef9c-be60-408d-bcb3-90767688f76e,10.95,1
dd8d0747-42d3-41aa-9526-db8e922febcf,20.95,0
922fe35d-2fd1-4775-80b0-2a827054ef5f,10.95,0
53ae322e-d147-4235-a537-cd52b53a2800,10.95,1
227cc456-193a-4e2a-b8da-93c8c0b4283a,20.95,0
9266facc-4b2a-4bb4-897a-575d36ce8d27,20.95,0
48d1be77-1710-42f5-99b7-a8e82d17534a,10.95,1
aa386ce6-9390-4315-823c-ed0ddc1eb9f4,10.95,0
f7b9a2e2-fe9b-42d5-9de1-d542d8ccacd5,20.95,0
5ddf6f80-8a25-4d95-939e-9c1f8cb8cf5d,20.95,0
27facb5d-c74d-4800-be1e-0254e35aac0c,20.95,0
7ab417d6-2975-4ef7-9d3f-904a5ca0678b,20.95,1
20612cdd-2146-4e31-ba6b-65aa698f3072,20.95,1
a1b95e07-af38-4794-a0eb-16f1d3e8947f,10.95,1
e49e6f6e-6c56-4f78-9e5a-590a7393c675,10.95,1
159d880c-76a5-425c-8f90-bfaab44d4088,10.95,0
1a06cff0-73f5-4452-a899-25840ade0b41,10.95,0
dec756ca-d020-44d6-8c3c-83d3f801a8bf,20.95,0
04dbe9aa-7999-429e-9a8f-55c4b310f0ed,10.95,1
96dd4b80-a078-4e8f-9490-9f0af70f8b81,10.95,1
5111044c-10d6-419e-b52d-b8c8ff5b2d52,20.95,0
fd5cd74e-8778-4be6-9b29-f76ec8880b2c,10.95,1
5283889c-c31f-47eb-ac98-1221d4b6f0f2,10.95,0
e93bf044-d292-4f7c-b624-013a11269f9e,20.95,1
8a6181ae-e771-4e1b-91df-4ff075f32c8e,10.95,0
02f3e4d0-eeb8-46eb-b00a-ffff5fb14f5b,20.95,0
7928913d-51f8-4167-b96c-39ad6b35a9b9,10.95,1
176cc975-673a-4c97-987e-828b4cafae2b,20.95,1
3ab5d8d0-5ac9-44d4-96be-541b0b0ae00f,10.95,1
0b44f907-6d59-4e12-9ac7-b94d1ccc575e,10.95,1
92e92aa7-f7b8-45e4-80a5-fe0d00167fac,20.95,0
0a84bd34-9d34-4ce9-ba5b-10ff80768a77,20.95,1
369db2ef-3b8e-40e0-9ba3-4c18684a05d0,20.95,0
eb19071b-0b35-40a1-bfa5-e99ffb23a4b7,10.95,1
5c3dae7b-2a63-4401-a8f6-6646059d42e6,10.95,1
6a989799-9135-4949-89a6-92f0073bb78d,10.95,0
d5204b48-3a21-456c-8fd6-8618ba6b295c,10.95,1
66b768bd-4f84-4c31-b954-af2da819d4b9,20.95,1
b58a4321-47eb-4172-ad47-d84c143d9bff,10.95,1
888d7c51-404e-4634-b4e0-270ed0b68d02,20.95,0
96bc3f42-797e-4c89-9bbc-af4503d7f55b,20.95,0
6896a57b-b7e1-4681-be84-f0fe22897671,20.95,0
bc443508-3a93-41f7-8050-8324875cf067,10.95,0
80e2ee40-3b89-4988-804d-3ccab1d8ea69,10.95,0
73645c1b-15b9-4469-bbb8-d9fed0cb16e9,20.95,0
1a950f3e-bd84-46da-a266-04f3c9afd545,20.95,0
430b1057-42fb-4cf1-9c05-dceef49c66f4,20.95,0
9e9a3e83-9a4e-46fc-b9a0-e72710e29558,20.95,0
89f32a99-dfc7-45f8-8165-9d74a93bea35,20.95,1
d667159d-2202-4f9f-b3fc-e44c942a9c09,10.95,1
1a6b88d2-cad7-4ebe-9169-4fbb3cff13aa,10.95,1
93fca973-b631-4c55-8ca3-e980ec955752,20.95,0
0b996908-1d57-4d69-a120-84786f18b134,10.95,1
ad3e8705-cd52-4f9f-ab67-a72c8ee0314d,20.95,1
5f6763a6-3079-4bd3-8ba4-08a8d15d4c43,20.95,0
0bcbb729-b064-4038-a727-09090500e955,20.95,0
8aa9d39a-726f-46fd-8ec9-8bf10067eaa6,10.95,1
c5e3b186-5e06-4732-83d9-f3179d7c24ce,20.95,0
88c79c98-60bf-484e-a40d-383a8dd064e3,20.95,1
28c840b1-67be-426e-9f30-418c9089bcfd,10.95,1
8e300e9c-8edb-4ef1-aef6-84198a393869,20.95,0
9d470a35-c816-4c27-bc3c-4c2fa40e0199,10.95,1
13d94ad0-d809-4e6d-b41a-d2c25ceef79c,20.95,0
f0d4ad0c-23a2-4fe4-af3c-fc8f5e58e27a,20.95,0
6f8cd15f-2344-4207-b0a1-9255671ebf8e,20.95,1
7303f483-130f-4872-966f-3d4783214b14,20.95,0
1038f8e4-0cbe-435d-bbfc-3897f0271efc,10.95,0
76bd0773-d805-4e6a-ad91-6caf9c446194,20.95,0
41a51d1f-7bde-4381-b4fc-b6bc012db1c4,20.95,0
162cf897-a755-44fe-bceb-e192d4796110,10.95,0
6bb17a8b-26c1-48f2-ab1c-0430df114270,20.95,1
31fab84d-80dd-4005-8abc-b652ee52ab7b,10.95,1
e6fe01cc-5553-431a-afd9-d09a8a74a19a,20.95,0
56fc1a76-9e1d-4748-a3fe-266ba23b3ed7,10.95,0
c5da3dcc-4dd7-4974-b847-16b7375af79e,10.95,1
f00c4cc5-2045-4d2d-9924-47394705ecba,20.95,0
0bb34c14-2581-4b22-9728-e2b6912c4ca9,20.95,1
f4d7b8cd-e3c7-4964-b776-cbf620141450,20.95,0
283ca7ec-d8b4-4757-991a-de99c23e471a,10.95,0
f51a797b-b34e-4d5b-ae73-7276306542ee,20.95,1
91a85948-501d-4146-a177-2a3896aaa3ca,20.95,1
bc1af663-a096-4a2f-bc58-196e2064774f,10.95,1
705c3053-b789-493e-a16d-fc7021965bee,20.95,1
0eb4762e-d32b-4c0d-bbff-1829aea3798b,20.95,1
99249d85-fd9c-40c3-a972-3882a6d9d3d1,10.95,0
bdeb7527-f721-445e-9796-efbc3f7917c5,20.95,1
b79fa51d-3045-438c-852c-7f939acaf159,20.95,0
25987d51-f7f9-4fbc-8ba7-0c7016a54aa0,20.95,0
8f48de0a-3375-49d9-b879-7294437fdbd9,10.95,0
f30113f0-42bf-4d8b-beda-91503993e371,20.95,1
77870d52-dd12-4bc6-9eaa-e175445f1ad1,10.95,1
c959dbb9-52b6-43d4-a481-216b988fd26b,20.95,0
4d0e2acd-1dc8-474a-910b-41c16a5b54e4,20.95,0
14539cdb-1ec8-4633-ae92-6321245fed94,20.95,0
445dff54-427f-4c4b-b5ed-76cfcc29a582,20.95,1
dea43dfd-29e1-4b4c-b701-f1f4a48f93b4,20.95,0
ecccd30e-0bf0-4fdb-93d1-7709a54cf489,10.95,0
babfbd99-2d9d-4bd8-aeb2-f98cdb38c2f2,20.95,0
768eaf58-51dd-4a9d-afb1-eb404f26fedb,20.95,0
2777fe38-b58d-4c97-99df-5bb2588a7de7,10.95,0
935b67b4-2fbd-4d23-a516-8cda99d6bf85,20.95,0
9d88e7a4-f763-41e6-9f9f-9701b819544a,20.95,0
b64a46f5-eb6d-435f-a950-94bbf3c8e316,10.95,1
ab9c405d-fd8a-4b0a-8f6a-201a589a691e,20.95,1
dd4f6de8-7a91-4144-b8d8-e96cca54c1d7,20.95,0
922731e9-3aaf-4187-a638-4b25a9f9f36c,10.95,0
eb167eb0-c434-4170-90f4-372413d69792,20.95,0
8c102bc1-736b-4385-922f-b6b097477da7,20.95,1
3b38102b-7bdf-4546-a4a8-844f7d94a6ce,10.95,1
ef9bb09b-a32c-4eae-9735-7f9d3cbb32de,20.95,0
4f0b5593-542d-4393-a1d9-e819c51c5229,10.95,0
6d37a680-58f9-4bf7-a3f9-899a62ba6966,10.95,0
5ef75904-b1d9-4480-8caf-014434b51e65,20.95,1
55dcb8a8-c371-40d4-91e6-10ddd72abf11,10.95,0
69f876b9-481d-47d0-ac2f-b9e659432772,10.95,0
469a09ee-422b-48e9-9b93-db00f1db228c,10.95,0
21c4f6d5-95ea-478b-8ce3-edb778fd780c,10.95,1
243517e0-0702-41db-92ad-8a480dfac4c9,10.95,1
426664cf-306c-4d84-8c60-507b8d73f2a6,20.95,1
29d295d6-0c03-46d6-b27e-ec3b5dda5439,20.95,1
0262bf90-3bd8-4e22-8b0f-ab8e9fa4ce21,20.95,1
2459bf96-6d47-4b55-9b1c-71cb70029831,20.95,0
c5035b6c-8e5e-41c5-94eb-ae5dbc165b0e,20.95,1
baca2a87-766a-4be7-8be5-199ee212b2e8,10.95,1
62e5b19a-0ccf-47fb-8382-79e7ecf8022f,10.95,0
81d37bca-ea34-43ed-8135-7db8b66db5df,10.95,1
40773847-9e04-415a-9e92-b9d9f8bc60bb,20.95,1
0553c66b-76f1-48e8-855d-c6140301a06c,10.95,1
596fb6ce-af31-4ee8-81ea-a853c415a467,10.95,0
cf3cc829-244a-403e-956e-57f88af0cf0c,10.95,0
aa32fd19-c1e8-4c4a-90d8-929c5157cf3e,10.95,0
0af15cc2-2e0c-4801-b436-6b12c391ef93,20.95,1
e228d8e4-e964-4172-a9a9-bd7682e89b5e,20.95,0
8988266f-8e67-47d8-831b-dc7053a3b34e,10.95,0
4e3e4f5f-0461-4c71-aeda-833f317ca102,20.95,1
1cde5b69-f8fb-44f3-8bbc-04a3378a91e6,20.95,0
eac2e8ad-82d6-41dd-b00a-8b857c501ef8,10.95,0
32fc5015-b2c4-406b-8381-023f292faba1,20.95,1
5af380a4-ef70-48b6-807d-3d37b5b46dcd,20.95,0
3f71edab-1ad1-46d6-b472-bd8465cc59d6,10.95,0
817ed3f4-a9f0-4ec4-a7b1-85f6309b7234,10.95,0
d961cea0-8a62-4b5c-ac4b-7dbd1961da1f,10.95,0
1034794e-db2b-41be-ba73-5eb2999f46eb,10.95,0
810a9f84-cd4e-4c4b-9bb7-18a5cd7f9010,20.95,0
aa6cfab9-dffb-4d37-b0a0-d16d8e382a3d,20.95,1
42d4c734-8ed6-4860-98da-fb7a4af3e1d7,20.95,1
60b97459-09e2-456e-b0a3-be304d06b31c,20.95,1
7a49ae9c-df4b-4c19-afaa-039b98ec5b6a,20.95,1
54efe054-0206-4d9d-9be6-aa291ff868e7,20.95,0
53e39b1a-809a-494c-ba3d-55271d9ba450,10.95,0
0c12ea1d-a300-4f89-9a07-aa8b8772a3ba,10.95,1
5dba2337-c3c2-4248-baf6-527f78bbd251,20.95,0
efb3eb37-6d57-4fd7-aea5-f54bfafbb18e,20.95,0
96bee52e-65c1-4fd6-8f1f-5a9897ad6a67,20.95,0
8fa05149-2bb2-451f-b023-6aca5ee6fdea,20.95,0
f72a1b7a-ea78-4088-8c9b-9009877477ad,20.95,0
28eda191-dfb4-4b5f-82b3-5e097f101f15,10.95,1
fc6f2e6e-9c18-40ba-beea-3cf093ffd1ea,20.95,1
030b23db-bfbe-4ca3-b610-350b76f53b65,10.95,1
0ad1b7b6-6d35-40b7-b937-c04f3e4c23fb,10.95,0
57df4c9a-e7e0-4e25-91d6-782066849b64,20.95,1
98313d75-8b71-4ba7-a88d-6c65daf2571c,20.95,1
ffc9ff30-9f9a-4a33-9ad6-ff7be4af65aa,20.95,1
9734aeb4-3550-43f7-b275-de564e18dcc7,10.95,1
f84a9bca-2ab7-413d-899b-316743b6c14b,20.95,1
